IATA,Airline
EVY,"34 Squadron, Royal Australian Air Force"
1A,Amadeus IT Group S.A.
1B,Sabre travel network Asia-Pacific (ex-Abacus)
1E,Travelsky
1F,"Infini travel information, Inc."
1G,Travelport (Galileo core)
1H,Sirena travel
1J,"Axess international network, Inc."
1K,AIRKIOSK
1M,Sirin
1P,Travelport (Worldspan core)
1S,Sabre travel network
1T,Hitit Computer Services
1U,Google/ITA
2T,Timbis Air
3J,Jubba Airways
Q5,40-Mile Air
4D,Air Sinai
4R,Star East Airline
4O,Interjet
7A,Express Air Cargo
7S,Ryan Air Services
P6,Pascan Aviation
WP,Air Antwerp
JY,InterCaribbean Airways
JU,Air Serbia
QH,Air Kyrgyzstan
XK,Air Corsica
EI,Aer Lingus
A8,Aerolink Uganda
RV,Air Canada Rouge
W9,Abelag Aviation
6U,Air Cargo Germany
E4,Aero Asia International
ZI,Aigle Azur
AE,Air Ceylon
OZ,Asiana Airlines
4K*,Askari Aviation
8U,Afriqiyah Airways
Q9,Afrinat International Airlines
KI,Air Atlantique
QB,Air Alma
LD,Air Hong Kong
UX,Air Europa
IG,Air Italy
NX,Air Macau
ZV,Air Midwest
HM,Air Seychelles
AF,Air France
SB,Air Caledonie International
EH,Air Nippon Network Co. Ltd.
ZW,Air Wisconsin
YI,Air Sunshine
GN,Air Gabon
NQ,Air Japan
VD,Air Liberté
TT,Air Lithuania
4N,Air North Charter - Canada
NZ TE,Air New Zealand
QM,Air Malawi
ML,Air Mediterranee
P8,Air Mekong
BM,Air Sicilia
ZX,Air BC
G8,Air Service Gabon
7T,Air Glaciers
6V,Air Vegas
NH,All Nippon Airways
TZ,air-taxi Europe
2Q,Air Cargo Carriers
V7,Air Senegal International
AB,Air Berlin
QN,Air Armenia
AI,Air India Limited
PJ,Air Saint Pierre
SZ,Air Southwest
8C,Air Transport International
NF,Air Vanuatu
ZB,Air Bourbon
CC,Air Atlanta Icelandic
RB,Air Srpska
TN,Air Tahiti Nui
SW,Air Namibia
AW,Africa World Airlines
PE,Air Europe Italy
JM,Air Jamaica
6G,Air Wales
TX,Air Caraïbes
IX,Air India Express
BT,Air Baltic
EL,Air Nippon
YW,Air Nostrum
PX,Air Niugini
G9,Air Arabia
AC,Air Canada
AP,AlbaStar
XT,Air Exel
UM,Air Zimbabwe
S2,Air Sahara
TC,Air Tanzania
2J,Air Burkina
KM,Air Malta
YT,Air Togo
G4,Allegiant Air
M3,ABSA Cargo
O4,Antrak Air
GB,Airborne Express
8V,Astral Aviation
4G*,Advance Leasing Company
8T,Air Tindi
Z7*,ADC Airlines
JP,Adria Airways
EM*,Aero Benin
A3,Aegean Airlines
2K,Aerogal
KD,Air Enterprise
KO,Alaska Central Express
VX,ACES Colombia
KH,Aloha Air Cargo
AA,American Airlines
AX,AmericanConnection[5]
AN,Ansett Australia
5W,Astraeus
VV,Aerosvit Airlines
WK,American Falcon
QQ,Alliance Airlines
FG,Ariana Afghan Airlines
RV*,Africaone
Y2,Alliance Air
SU,Aeroflot Russian Airlines
5Z,Airfreight Express
5D,Aeroméxico Connect
JJ,Aviogenex
PL,Aeroperú
8A,Atlas Blue
GD,Air Alpha Greenland
HT,Aeromist-Kharkiv
J2,Azerbaijan Airlines
U3,Avies
4Y,Airbus Industrie
RS,Air Seoul
5A,Alpine Air Express
ED*,Airblue
W4,Aero Services Executive
IZ,Arkia Israel Airlines
M6,Amerijet International
4A,Air Kiribati
EV,Atlantic Southeast Airlines
HP,America West Airlines
VH,Aeropostal Alas de Venezuela
AM,Aeroméxico
TL,Airnorth
OY,Andes Líneas Aéreas
IW,AOM French Airlines
J6,AVCOM
2D,Aero VIP
VB,Aeroenlaces Nacionales
OE,Asia Overnight Express
GV,Aero Flight
JW,Arrow Air
2B,Albawings
4C,"Aires, Aerovías de Integración Regional, S.A."
AR,Aerolíneas Argentinas
AS,"Alaska Airlines, Inc."
OB,Astrakhan Airlines
HC,Aero-Tropics Air Services
FO,Airlines of Tasmania
OS,Austrian Airlines
IQ,Augsburg Airways
RU,AirBridge Cargo
MO,Abu Dhabi Amiri Flight
GR,Aurigny Air Services
NO,Aus-Air
AU,Austral Líneas Aéreas
AO,Australian Airlines
AV,Avianca
A0,Avianca Argentina
O6,Avianca Brazil
K8,Airlink Zambia
B9,Air Bangladesh
HJ,Asian Express Airlines
AK,AirAsia
D7,AirAsia X
DJ,AirAsia Japan
I5,AirAsia India
EX,Atlantic Airlines
3G,Atlant-Soyuz Airlines
AZ,Alitalia
ZE,Arcus-Air Logistic
A2,Astra Airlines
R7,Aserca Airlines
RX,Aviaexpress
MQ,American Eagle Airlines
ZS,Azzurra Air
FF,Airshop
VU,Air Ivoire
BP,Air Botswana
GS,Air Foyle
VT,Air Tahiti
3N,Air Urga
VL,Air VIA
FK,Africa West
G2,Avirex
V8,ATRAN Cargo Airlines
K6,Angkor Air
VE,Avensa
V5,Avolar Aerolíneas
CA,Air China
Q6,Aero Condor Peru
5F,Arctic Circle Air Service
QC,Air Corridor
NV,Air Central
CV,Air Chathams
CW,Air Marshall Islands
ZA,AccessAir
AH,Air Algérie
ER,Astar Air Cargo
HO,Antinea Airlines
EN,Air Dolomiti
NM,Air Madrid
EE,Aero Airlines
4F,Air City
E8,Alpi Eagles
KY,Air São Tomé and Príncipe
PC,Air Fiji
OF,Air Finland
FJ,Fiji Airways
RC,Atlantic Airways
NY,Air Iceland
2P,Air Philippines
2U,Air Guinee Express
0A,Amber Air
DA,Air Georgia
GL,Air Greenland
LL,Allegro
5Y,Atlas Air
GG,Air Guyane
H9,Air d'Ayiti
HD,Air Holland
IP,Atyrau Air Ways
QK,Air Canada Jazz
KK,Atlasjet
JS,Air Koryo
KC,Air Astana
LV,Albanian Airlines
3S,Aerologic
D4,Alidaunia
9I,Air India Regional
XL,Aerolane
FL,Air Leap
A6,Air Alps Aviation
TD,Atlantis European Airways
L8,Air Luxor GB
LK,Air Luxor
MK,Air Mauritius
MD,Air Madagascar
9U,Air Moldova
L9,Air Mali
A7,Air Plus Comet
QO,Aeromexpress
MR,Air Mauritanie
3S*,Aeroland Airways
2V*,Amtrak
8D*,Astair
F4,Albarka Air
AJ,Aero Contractors
8Y,Air Burundi
OT,Aeropelican Air Services
AD,Air Paradise International
QD,Air Class Líneas Aéreas
QS,African Safari Airways
AG,Aruba Airlines
MC,Air Mobility Command
RE,Aer Arann
UU,Air Austral
ZP,Amaszonas Paraguay
6K,Asian Spirit
A5,Airlinair
QL,Aero Lanka
R3,Armenian Airlines
MV,Air Mediterranean
2O,Air Salone
U8,Armavia
BQ,Aeromar Lineas Aereas Dominicanas
P5,AeroRepública
BF,Aero-Service
5L,AeroSur
JR,Aero California
Z3,Avient Aviation
GM,Air Slovakia
VW,Aeromar
CG,Airlines PNG
TY,Air Calédonie
TS,Air Transat
EC,Avialeasing Aviation Company
DW,Aero-Charter Ukraine
U7,Air Uganda
6R,Alrosa Air Company
6A,Aviacsa
JZ,Avia Express
WD*,Amsterdam Airlines
AQ,Aloha Airlines
SM,Aberdeen Airways
KJ,Asian Air
BX,Air Busan
YE,Aryan Cargo Express
VJ,Africa Airways
3O,Air Arabia Maroc
X9,Avion Express
UJ,Al Masria Universal Airlines
BO,BB Airways
JD,Beijing Capital Airlines
ID,Batik Air
8Q*,Baker Aviation
BA,British Airways
BG,Biman Bangladesh Airlines
B4,BACH Flugbetriebsges
WX,CityJet
BZ,Blue Dart Aviation
JA,B&H Airlines
J4,Buffalo Airways
8H,BH Air
U4,Buddha Air
4T,Belair Airlines
UP,Bahamasair
E6,Bringer Air Cargo Taxi Aéreo
LZ,Balkan Bulgarian Airlines
TH,BA Connect
BS,British International Helicopters
PG,Bangkok Airways
KF,Blue1
JV,Bearskin Lake Air Service
B3,Bellview Airlines
BD,BMI
WW,Bmibaby
CH,Bemidji Airlines
BV,Blue Panorama Airlines
7R,BRA-Transportes Aéreos
8E,Bering Air
B2,Belavia Belarusian Airlines
BN,Braniff International Airways
GQ,Big Sky Airlines
V9,BAL Bashkirian Airlines
Y6,Batavia Air
BU,Buryat Airlines Aircompany
J8,Berjaya Air
QW,Blue Wings
SN,Brussels International Airlines
8W?,BAX Global
DB,Brit Air
E9,Boston-Maine Airways
NT,Binter Canarias
0B,Blue Air
FB,Bulgaria Air
8N,Barents AirLink
CJ,BA CityFlyer
YB,Borajet
BW,Caribbean Airlines
7N,Pawa Dominicana
KR,Cambodia Airways
5C,CAL Cargo Air Lines
3C,Calima Aviación
R9,Camai Air
UY,Cameroon Airlines
C6,CanJet
CP,Canadian Airlines
5T,Canadian North
W2,Canadian Western Airlines
9K,Cape Air
PT,Capital Cargo International Airlines
P3,Cargo Logic Air
2G,Cargoitalia
W8,Cargojet Airways
C8,Cargolux Italia
8B,Caribbean Star Airlines
V3,Carpatair
KA,Cathay Dragon
CX,Cathay Pacific
KX,Cayman Airways
5J,Cebu Pacific
9M,Central Mountain Air
J7,Centre-Avia
WE,Centurion Air Cargo
OP,Chalk's International Airlines
MG,Champion Air
2Z,Chang An Airlines
S8,Chari Aviation Services
RP*,Chautauqua Airlines
CI,China Airlines
CK,China Cargo Airlines
MU,China Eastern Airlines
G5,China Express Airlines
WH,China Northwest Airlines
CZ,China Southern Airlines
KN,China United Airlines
XO,China Xinhua Airlines
3Q,China Yunnan Airlines
X7,Chitaavia
OQ,Chongqing Airlines
QI,Cimber Sterling
C7,Cinnamon Air
C9,Cirrus Airlines
G3,City Connexion Airlines
CT,Civil Air Transport
6P,Club Air
DQ,Coastal Air
9L,Colgan Air
YD,Cologne Air Transport GmbH
OH,Comair
MN,Comair
C5,CommutAir
GJ,Compania Mexicargo
DE,Condor Flugdienst
CO,Continental Airlines
CS,Continental Micronesia
V0,Conviasa
CM,Copa Airlines
CQ,Central Charter
XC,Corendon Airlines
CD,Corendon Dutch Airlines
LF,Contour Airlines
SS,Corsairfly
F5,Cosmic Air
7C,Coyne Aviation
OU,Croatia Airlines
QE,Crossair Europe
CU,Cubana de Aviación
CY,Cyprus Airways
YK,Cyprus Turkish Airlines
OK,Czech Airlines
8L,Cargo Plus Aviation
XG,Clickair
PN,West Air (China)
WD,DAS Air Cargo
DX,DAT Danish Air Transport
D0,DHL Air Limited
ES,DHL International
L3,DHL de Guatemala
D3,Daallo Airlines
N2,Dagestan Airlines
H8,Dalavia
DD,Danish Air Lines
0D,Darwin Airline
D5,Dauair
DL,Delta Air Lines
2A,Deutsche Bahn
1I,Deutsche Rettungsflugwacht
DH,Discovery Airways
Z6,Dniproavia
YU,Dominair
DO,Dominicana de Aviación
E3,Domodedovo Airlines
D9,Donavia
KB,Druk Air
DI,Dba
9E,Endeavor Air
9A,Eagle Express Air Charter
E1,Everbread
1C,Electronic Data Systems
1Y,Electronic Data Systems
BR,EVA Air
EY,Eagle Air
H7,Eagle Air
NZ,Eagle Airways
QU,UTair-Ukraine
S9,East African Safari Air
EA,Eastern Air Lines
T3,Eastern Airways
QF,Eastern Australia Airlines
DK,Eastland Air
MS,Egyptair
LY,El Al Israel Airlines
UZ,El-Buraq Air Transport
EK,Emirates Airlines
EM,Empire Airlines
EU,Empresa Ecuatoriana De Aviación
E0,Eos Airlines
B8,Eritrean Airlines
E7,Estafeta Carga Aérea
OV,Estonian Air
ET,Ethiopian Airlines
RZ,Euro Exec Express
MM,EuroAtlantic Airways
UI,Eurocypria Airlines
K2,Eurolot
3W,Euromanx Airways
5O,Europe Airpost
QY,European Air Transport
EW,Eurowings
E2,Eurowings Europe
EZ,Evergreen International Airlines
ZD,Ewa Air
JN,Excel Airways
MB,Execair Aviation
OW,Executive Airlines
EO,Express One International
U2,easyJet UK
DS,easyJet Switzerland
IH,Falcon Aviation
FE,Far Eastern Air Transport
FD,Royal Flying Doctor Service
F6,FaroeJet
F3,Faso Airways
FX,FedEx Express
N8,Fika Salaama Airlines
4S,Finalair Congo
AY,Finnair
FC,Finncomm Airlines
FY,Firefly
7F,First Air
DP,First Choice Airways
8F,Fischer Air
8D,FitsAir
B5,Flightline
PA,Florida Coastal Airlines
RF,Florida West International Airways
8W,Fly All Ways
F2,Fly Air
OJ,Fly Jamaica Airways
SH,Fly Me Sweden
TE,FlyLal
F7,Flybaboo
BE,Flybe
W3,Flyhy Cargo Airlines
FP,FlyPelican
VY,Formosa Airlines
HK,Four Star Aviation / Four Star Cargo
FH,Freebird Airlines
SJ,Freedom Air
F9,Frontier Airlines
2F,Frontier Flying Service
FZ,Flydubai
9Y,Fly Georgia
VK,FlyViking
FT,FlyEgypt
GX,Guangxi Beibu Gulf Airlines
Y5,Golden Myanmar Airlines
GT,GB Airways
Z5,GMG Airlines
7O,Galaxy Air
GC,Gambia International Airlines
G7,Gandalf Airlines
GA,Garuda Indonesia
4G,Gazpromavia
A9,Georgian Airways
HE,German Airways
ST,Germania
4U,Germanwings
GP,APG Airlines
GH,Globus Airlines
G0,Ghana International Airlines
GK,Go One Airways
DC,Golden Air
G1,Gorkha Airlines
ZK,Great Lakes Airlines
IJ,Great Wall Airlines
G6,Guine Bissaur Airlines
J9,Guinee Airlines
GF,Gulf Air
GY,Guyana Airways 2000
GW,Costa Rica Green Airways
H6,Hageland Aviation Services
HR,Hahn Air
H1,Hahn Air Systems
HU,Hainan Airlines
1R,Hainan Phoenix Information Systems
X3,Hapag-Lloyd Express (TUIfly)
HF,Hapagfly
HB,Harbor Airlines
HQ,Harmony Airways
HA,Hawaiian Airlines
BH,Hawkair
HN,Heavylift Cargo Airlines
JB,Helijet
ZU,Helios Airways
HW,Hello
2L,Helvetic Airways
UD,Hex'Air
5K,Hi Fly
VM,His Majesty King Maha Vajiralongkorn
H5,Hola Airlines
HX,Hong Kong Airlines
RH,Hong Kong Air Cargo
UO,Hong Kong Express Airways
HH,Hope Air
QX,Horizon Air
H4,Héli Sécurité Helicopter Airlines
I4,Island Air Express
IK,Ikar
II,IBC Airways
0C,IBL Aviation
C3,Independent Carrier (ICAR)
IB,Iberia Airlines
I2,Iberia Express
FW,Ibex Airlines
D8,Norwegian Air International (Norway)
FI,Icelandair
6E,IndiGo Airlines
IC,Indian Airlines
I9,Indigo Airlines
QZ,Indonesia AirAsia
IO,Indonesian Airlines
C4,Zimex Aviation
D6,Interair South Africa
6I,International Business Air
3L,Intersky
IR,Iran Air
EP,Iran Aseman Airlines
IA,Iraqi Airways
2S,Island Express
CN,Islands Nationair
IF,Islas Airways
WC,Islena De Inversiones
6H,Israir
FS,Itali Airlines
GI,Itek Air
KW,Kharkiv Airlines
WA,KLM Cityhopper
KL,KLM
K4,Kalitta Air
K9,Kalitta Charters
CB*,Kalitta Charters II
RQ,Kam Air
V2,Karat
KV,Kavminvodyavia
M5,Kenmore Air
KQ,Kenya Airways
IT,Kingfisher Airlines
Y9,Kish Air
KP,Kiwi International Air Lines
7K,Kogalymavia Air Company
8J,Komiinteravia
KE,Korean Air
7B,Krasnojarsky Airlines
KU,Kuwait Airways
GO,Kuzu Airlines Cargo
N5,Kyrgyz Airlines
R8,Kyrgyzstan Airlines
YQ,TAR Aerolineas
JF,L.A.B. Flying Service
LR,LACSA
KG,LAI - Línea Aérea IAACA
LA,LATAM Chile
4M,LATAM Argentina
UC,LATAM Cargo Chile
PZ,LATAM Paraguay
LU,LATAM Express
LP,LATAM Peru
NI,LANICA
L5,Línea Aérea Cuencana
LO,LOT Polish Airlines
LT,LTU International
N6,Lagun Air
QV,Lao Airlines
L7,Laoag International Airlines
NG,Lauda Air
OE[32],LaudaMotion
LQ,Lebanese Air Transport
LI,Leeward Islands Air Transport
LN,Libyan Arab Airlines
TM,Linhas Aéreas de Moçambique
JT,Lion Air
LM,Livingston Energy Flight
LB,Lloyd Aéreo Boliviano
LH,Lufthansa
CL,Lufthansa CityLine
L1,Lufthansa Systems
LG,Luxair
5V,Lviv Airlines
L2,Lynden Air Cargo
L4,Lynx Aviation
Z8,Línea Aérea Amaszonas
MJ,Líneas Aéreas Privadas Argentinas
LJ,Jin Air
Q2,Maldivian (airline)
OD,Malindo Airways
M7,MasAir
MH,MASwings
IN,MAT Macedonian Airlines
OM,MIAT Mongolian Airlines
DM,Maersk
W5,Mahan Air
M2,Mahfooz Aviation
TF,Malmö Aviation
R5,Malta Air Charter
MA,Malév Hungarian Airlines
RI,Mandala Airlines
JE,Mango
MP,Martinair
Q4,Mastertop Linhas Aéreas
8M,Maxair
MY,Maxjet Airways
MW,Maya Island Air
7M,Mayair
M8,Mekong Airlines
IM,Menajet
MZ,Merpati Nusantara Airlines
YV,Mesa Airlines
XJ,Mesaba Airlines
MX,Mexicana de Aviación
ME,Middle East Airlines
JI,Midway Airlines (1993–2003)
YX,Midwest Airlines
M4,Mistral Air
2M,Moldavian Airlines
8I,Myway Airlines
YM,Montenegro Airlines
5M,Montserrat Airways
3R,Moskovia Airlines
M9,Motor Sich
N4,Mountain Air Company
VZ,MyTravel Airways
UB,Myanma Airways
6N,Niger Airlines
DV,Nantucket Airlines
P9,Nas Air
UE,Nasair
N7,National Airlines
9O,National Airways Cameroon
NC,National Jet Systems
CE,Nationwide Airlines
1N,Navitaire
RA,Nepal Airlines
EJ,New England Airlines
2N,NextJet
HG,Niki
KZ,Nippon Cargo Airlines
XW,NokScoot
5N,Nordavia
JH,Nordeste Linhas Aéreas Regionais
Y7,NordStar
N9,North Coast Aviation
NW,Northwest Airlines
J3,Northwestern Air
DY,Norwegian Air Shuttle
DN,Norwegian Air Argentina
DU,Norwegian Long Haul
LE,Norwegian Air Sweden
BJ,Nouvel Air Tunisie
O9,Nova Airline
VQ,Novo Air
NK,Spirit Airlines
UQ,O'Connor Airlines
O8,Oasis Hong Kong Airlines
VC,Ocean Airlines
O2,Linear Air
OA,Olympic Air
WY,Oman Air
8Q,Onur Air
R2,Orenburg Airlines
OX,Orient Thai Airlines
OL,OLT Express Germany
ON,Our Airline
O7,Ozjet Airlines
PV,PAN Air
9Q,PB Air
PU,PLUNA
BL,Pacific Airlines
8P,Pacific Coastal Airlines
Q8,Pacific East Asia Cargo Airlines
LW,Pacific Wings
PK,Pakistan International Airlines
PF,Palestinian Airlines
NR,Pamir Airways
I7,Paramount Airways
KS,Peninsula Airways
Z2,Philippines AirAsia
PR,Philippine Airlines
9R,Phuket Air
PI,Piedmont Airlines (1948-1989)
PO,Polar Air Cargo
PH,Polynesian Airlines
PD,Porter Airlines
BK,Potomac Air
PW,Precision Air
TO,President Airlines
P0,Proflight Zambia
PB,Provincial Airlines
FV,Pulkovo Aviation Enterprise
QR,Qatar Airways
R6,RACSA
1D,Radixx
V4,Reem Air
FN,Regional Air Lines
ZL,Regional Express
P7,Regional Paraguaya
RW,Republic Airlines
RL,Rio Linhas Aéreas
SL,Rio Sul Serviços Aéreos Regionais
GZ,Air Rarotonga
RR,Royal Air Force
AT,Royal Air Maroc
R0,Royal Airlines
BI,Royal Brunei Airlines
RJ,Royal Jordanian
RK,Skyview Airways
WR,Royal Tongan Airlines
WB,Rwandair Express
RD,Ryan International Airlines
FR,Ryanair
YS,Régional Compagnie Aérienne Européenne
RT,UVT Aero
TR,Scoot
6Y,Smartlynx Airlines
7E,Sylt Air GmbH
S4,SATA International
SA,South African Airways
W7,Sayakhat Airlines
NL,Shaheen Air
SK,Scandinavian Airlines
UG,SevenAir
S7,S7 Airlines
Q7,SkyBahamas
BB,Seaborne Airlines
JX,Starlux Airlines
K5,SeaPort Airlines
UL,SriLankan Airlines
SY,Sun Country Airlines
SG,Spicejet
I6,Sky Eyes
7G,Star Flyer
FA,Safair
HZ,Sakhalinskie Aviatrassy (SAT)
SP,SATA Air Acores
8S,Scorpio Aviation
ZY,Sky Airlines
SQ,Singapore Airlines
SI,Skynet Airlines
XS,SITA
SX,Sky Work Airlines
S6,Star Air
D2,Severstal Air Company
5G,Skyservice Airlines
SD,Sudan Airways
SV,Saudia
WN,Southwest Airlines
A4,Southern Winds Airlines
WG,Sunwing Airlines
WQ,Swift Air (Interstate Equipment Leasing)
LX,Swiss International Air Lines
SR,Swissair
LZ[50],Swiss Global Air Lines
WV,Swe Fly
WO,Swoop
XQ,SunExpress
AL,Skywalk Airlines
7L,Silk Way West Airlines
E5,Samara Airlines
SC,Shandong Airlines
9C,Spring Airlines
3U,Sichuan Airlines
FM,Shanghai Airlines
ZH,Shenzhen Airlines
NE,SkyEurope
SO,Superior Aviation
JK,Spanair
RZ*,Sansa
2G*,San Juan Airlines
1Z,Sabre Pacific
1Q,Sirena
2C,SNCF
S0,Slok Air Gambia
VA,Virgin Australia Regional Airlines
S3,Santa Barbara Airlines
H2,Sky Airline
OO,SkyWest Airlines
BC,Skymark Airlines
MI,SilkAir
6Q,Slovak Airlines
PY,Surinam Airways
NB,Sterling Airlines
6J,Skynet Asia Airways
IE,Solomon Airlines
6W,Saratov Airlines Joint Stock Company
S5,Shuttle America
R1,Sirin
O3,SF Airlines
PQ,SkyUp
P2,Small Planet Airlines
5P,Small Planet Airlines
LS,Jet2
TXZ,EXPRESS AIR
EQ,TAME
TP,TAP Portugal
TU,Tunisair
3V,TNT Airways
T2,Thai Air Cargo
MT,Thomas Cook Airlines
TQ,Tandem Aero
ZT,Titan Airways
DG,Cebgo
TG,Thai Airways International
TK,Turkish Airlines
T7,Twin Jet
3P,Tiara Air
TI,Tol-Air Services
BY,TUI Airways
PM,Tropic Air
QT,TAMPA
K3,Taquan Air Services
GE,TransAsia Airways
HV,Transavia Holland
VR,TACV
T9,TransMeridian Airlines
9T,Transwest Air
UN,Transaero Airlines
T5,Turkmenhovayollary
7O[54],Travel Service
T6,Tavrey Airlines
TW,T'way Air
6B,TUIfly Nordic
DT,TAAG Angola Airlines
SF,Tassili Airlines
TJ,Tradewind Aviation
2H,Thalys
1L,Open Skies Consultative Commission
RO,Tarom
3T,Turan Air
T4,TRIP Linhas Aéreas
L6,Tbilaviamsheni
XN,XpressAir
VO,Tyrolean Airways
OR,TUI Airlines Netherlands
U5,USA3000 Airlines
B7,UNI Air
UA,United Airlines
4H,United Airways
U6,Ural Airlines
UR,Uganda Airlines
UF,UM Airlines
6Z,Ukrainian Cargo Airways
5X,United Parcel Service
US,US Airways
UH,US Helicopter
UT,UTair Aviation
HY,Uzbekistan Airways
PS,Ukraine International Airlines
VF,Valuair
0V,Vietnam Air Services Company (VASCO)
VN,Vietnam Airlines
NN,VIM Airlines
2R,Via Rail Canada
Y4,Volaris
VI,Volga-Dnepr Airlines
TV,Virgin Express
VS,Virgin Atlantic
ZG,Viva Macau
XF,Vladivostok Air
LC,Varig Logística
9V,Vipair Airlines
RG,Varig
VP,VASP
VG,VLM Airlines
UK,Vistara
WT,Wasaya Airways
2W,Welcome Air
WZ,West African Airlines
YH,West Caribbean Airways
8O,West Coast Air
WS,WestJet
ST*,"Western Aircraft, Inc"
WF,Widerøe
WL,Air Wales Virtual
IV,Wind Jet
7W,Windrose Air
8Z,Wizz Air Bulgaria
W6,Wizz Air
3W*,Wan Air
MF,Xiamen Airlines
SE,XL Airways France
XP,Xtra Airways
YL,Yamal Airlines
Y8,Yangtze River Express
Y0,Yellow Air Taxi/Friendship Airways
IY,Yemenia
Q3,Zambian Airways
Z4,Zoom Airlines
